isin,issuer_name,sector,exchange,listing_status,coupon_rate,coupon_type,current_yield_ytm,last_traded_price,accrued_interest,issue_date,maturity_date,payment_frequency,repayment_mode,call_put_option,premature_withdrawal_allowed,rating_current,rating_agency,rating_outlook,rating_date,secured_unsecured,seniority,security_cover_ratio,daily_volume_units,daily_value_inr_cr,num_trades,issue_size_inr_cr,outstanding_inr_cr,tax_status,tds_applicable,min_investment_units,lot_size
IN0020240019,Government of India (7.10% GS 2034 Benchmark),G-Sec / Sovereign,Both,Listed,7.10,Fixed,6.82,101.85,2.15,2024-04-08,2034-04-08,Semi-Annual,Bullet,No,No,SOVEREIGN,RBI/Govt,Stable,2024-04-08,Sovereign Guarantee,Senior,1.0,125000,127.31,520,40000.0,40000.0,Taxable,No,10,10
IN0020230085,Government of India (7.18% GS 2033 Benchmark),G-Sec / Sovereign,Both,Listed,7.18,Fixed,6.85,102.10,2.40,2023-08-14,2033-08-14,Semi-Annual,Bullet,No,No,SOVEREIGN,RBI/Govt,Stable,2024-01-01,Sovereign Guarantee,Senior,1.0,140000,142.94,610,45000.0,45000.0,Taxable,No,10,10
IN0020230101,Government of India (7.37% GS 2028 5-Year),G-Sec / Sovereign,Both,Listed,7.37,Fixed,6.78,102.25,1.80,2023-10-23,2028-10-23,Semi-Annual,Bullet,No,No,SOVEREIGN,RBI/Govt,Stable,2024-01-01,Sovereign Guarantee,Senior,1.0,95000,97.14,380,35000.0,35000.0,Taxable,No,10,10
IN0020230010,Government of India (7.26% GS 2033),G-Sec / Sovereign,Both,Listed,7.26,Fixed,6.86,102.45,1.90,2023-02-06,2033-02-06,Semi-Annual,Bullet,No,No,SOVEREIGN,RBI/Govt,Stable,2024-01-01,Sovereign Guarantee,Senior,1.0,85000,87.08,340,35000.0,35000.0,Taxable,No,10,10
IN0020240035,Government of India (7.34% GS 2064 Ultra-Long),G-Sec / Sovereign,Both,Listed,7.34,Fixed,6.98,103.40,1.95,2024-04-22,2064-04-22,Semi-Annual,Bullet,No,No,SOVEREIGN,RBI/Govt,Stable,2024-04-01,Sovereign Guarantee,Senior,1.0,55000,56.87,210,28000.0,28000.0,Taxable,No,10,10
IN0020230119,Government of India (7.46% GS 2073 50-Year Gilt),G-Sec / Sovereign,Both,Listed,7.46,Fixed,7.04,104.10,2.10,2023-11-06,2073-11-06,Semi-Annual,Bullet,No,No,SOVEREIGN,RBI/Govt,Stable,2024-02-01,Sovereign Guarantee,Senior,1.0,42000,43.72,160,20000.0,20000.0,Taxable,No,10,10
INE053F07942,Indian Railway Finance Corp (IRFC Tax-Free 2031),PSU / Railways,Both,Listed,7.35,Fixed,5.25,119.80,3.60,2021-03-22,2031-03-22,Annual,Bullet,No,No,AAA,CRISIL,Stable,2024-02-14,Secured,Senior,1.25,18500,22.16,165,5000.0,5000.0,Tax-free,No,1,1
INE134E07567,Power Finance Corporation (PFC Tax-Free 2030),PSU / Power NBFC,Both,Listed,7.42,Fixed,5.32,118.20,3.10,2020-09-15,2030-09-15,Annual,Bullet,No,No,AAA,CARE,Stable,2024-03-10,Secured,Senior,1.20,14500,17.14,130,4200.0,4200.0,Tax-free,No,1,1
INE020B08DF6,REC Limited (REC Tax-Free 2031),PSU / Infra NBFC,Both,Listed,7.49,Fixed,5.35,119.40,3.80,2021-08-30,2031-08-30,Annual,Bullet,No,No,AAA,CRISIL,Stable,2024-03-01,Secured,Senior,1.20,16200,19.34,145,4500.0,4500.0,Tax-free,No,1,1
INE906B07EN4,National Highways Authority of India (NHAI Tax-Free 2031),PSU / Roads,Both,Listed,7.39,Fixed,5.28,118.90,3.40,2021-01-11,2031-01-11,Annual,Bullet,No,No,AAA,ICRA,Stable,2024-01-15,Secured,Senior,1.25,13800,16.41,120,4000.0,4000.0,Tax-free,No,1,1
INE261F08EU4,NABARD Series 26F (National Agriculture Bank),PSU / FI,NSE,Listed,7.44,Fixed,7.42,100.15,1.10,2024-07-17,2029-07-17,Annual,Bullet,No,No,AAA,CRISIL,Stable,2024-05-10,Secured,Senior,1.15,22000,22.03,140,7500.0,7500.0,Taxable,Yes,1,1
INE733E08189,NTPC Limited Series 73 (NTPC Green Bond),PSU / Power,NSE,Listed,7.38,Fixed,7.36,100.20,1.85,2023-11-20,2033-11-20,Annual,Bullet,No,No,AAA,CRISIL,Stable,2024-01-20,Secured,Senior,1.20,19500,19.54,115,5000.0,5000.0,Taxable,Yes,1,1
INE752E07NT7,Power Grid Corp of India Bonds LXXI,PSU / Power,NSE,Listed,7.40,Fixed,7.38,100.10,2.15,2024-02-15,2034-02-15,Annual,Bullet,No,No,AAA,CARE,Stable,2024-02-01,Secured,Senior,1.20,15000,15.02,95,4000.0,4000.0,Taxable,Yes,1,1
INE001A07SD4,HDFC Bank Ltd Perpetual Basel-III Tier-II,Banking,Both,Listed,7.95,Fixed,7.76,1012.50,12.30,2021-09-15,2031-09-15,Annual,Bullet,Yes,No,AAA,CRISIL,Stable,2024-01-10,Unsecured,Subordinated,0.0,8500,8.61,72,5000.0,5000.0,Taxable,Yes,10,10
INE062A08249,State Bank of India Tier-II Series IV,Banking,Both,Listed,7.72,Fixed,7.65,1005.40,11.20,2022-09-21,2037-09-21,Annual,Bullet,Yes,No,AAA,ICRA,Stable,2024-01-15,Unsecured,Subordinated,0.0,11200,11.26,88,6000.0,6000.0,Taxable,Yes,10,10
INE296A07UB9,Bajaj Finance Limited NCD 2029,NBFC,Both,Listed,7.70,Fixed,7.82,99.55,2.65,2024-09-20,2029-09-20,Annual,Bullet,No,No,AAA,CRISIL,Stable,2024-09-01,Secured,Senior,1.20,24500,24.39,185,2500.0,2500.0,Taxable,Yes,1,1
INE674K08083,Aditya Birla Finance Limited NCD 2036,NBFC / Conglomerate,NSE,Listed,8.07,Fixed,8.02,100.40,1.40,2024-04-30,2036-04-30,Annual,Bullet,No,No,AAA,ICRA,Stable,2024-04-15,Secured,Senior,1.15,9200,9.24,65,1500.0,1500.0,Taxable,Yes,1,1
INE018E08182,L&T Finance Holdings Secured NCD 2028,NBFC / Infra,NSE,Listed,7.85,Fixed,7.88,99.85,2.10,2023-12-15,2028-12-15,Annual,Bullet,No,No,AAA,CRISIL,Stable,2024-02-18,Secured,Senior,1.15,16500,16.48,110,2000.0,2000.0,Taxable,Yes,1,1
INE306N07LX4,Tata Capital Financial Services NCD 2029,NBFC,Both,Listed,7.88,Fixed,7.85,100.15,2.45,2024-03-10,2029-03-10,Annual,Bullet,No,No,AAA,CRISIL,Stable,2024-03-01,Secured,Senior,1.20,18200,18.23,130,2200.0,2200.0,Taxable,Yes,1,1
INE721A07RY4,Shriram Finance Limited NCD 2029,NBFC,Both,Listed,9.15,Fixed,8.82,103.25,3.20,2024-01-19,2029-01-18,Annual,Bullet,No,No,AA+,India Ratings,Stable,2024-10-17,Secured,Senior,1.20,14800,15.28,112,1800.0,1800.0,Taxable,Yes,1,1
INE121A08OU0,Cholamandalam Inv & Finance NCD 2032,NBFC,NSE,Listed,9.20,Fixed,9.08,100.90,2.80,2022-05-30,2032-05-30,Annual,Bullet,No,No,AA+,ICRA,Stable,2024-03-02,Secured,Senior,1.15,8200,8.27,62,1200.0,1200.0,Taxable,Yes,1,1
INE414G07HS9,Muthoot Finance Limited Gold NCD 2028,NBFC / Gold Loan,Both,Listed,8.75,Fixed,8.68,100.35,3.10,2023-09-12,2028-09-12,Annual,Bullet,No,No,AA+,CRISIL,Stable,2024-01-10,Secured,Senior,1.15,12400,12.44,90,1500.0,1500.0,Taxable,Yes,1,1
INE556F08KB6,Small Industries Dev Bank (SIDBI Social Bond),PSU / FI,NSE,Listed,7.45,Fixed,7.40,100.25,1.90,2024-05-15,2027-05-15,Annual,Bullet,No,No,AAA,CARE,Stable,2024-05-01,Secured,Senior,1.15,19000,19.05,125,5000.0,5000.0,Taxable,Yes,1,1
INE342T07726,Navi Finserv Limited Monthly NCD 2029,Fintech / NBFC,BSE,Listed,10.75,Fixed,10.85,100.60,4.15,2024-08-31,2029-08-31,Monthly,Bullet,No,No,A,CRISIL,Stable,2024-08-10,Secured,Senior,1.10,4800,4.83,55,400.0,400.0,Taxable,Yes,10,10
INE040A08377,HDFC Credila Financial Services NCD 2028,Education NBFC,NSE,Listed,8.90,Fixed,8.95,99.80,6.40,2023-08-01,2028-08-01,Annual,Bullet,No,No,AA+,CRISIL,Stable,2024-02-28,Secured,Senior,1.10,2200,2.20,32,600.0,600.0,Taxable,Yes,1,1
